<launch4jConfig>
  <dontWrapJar>true</dontWrapJar>
  <headerType>gui</headerType>
  <jar>tiltnotes22.jar</jar>
  <outfile>C:\Temp3\tiltnotes22.exe</outfile>
  <errTitle></errTitle>
  <cmdLine></cmdLine>
  <chdir></chdir>
  <priority>normal</priority>
  <downloadUrl>http://java.com/download</downloadUrl>
  <supportUrl></supportUrl>
  <customProcName>true</customProcName>
  <stayAlive>false</stayAlive>
  <manifest></manifest>
  <icon>C:\Java\workspace3\TiltNotes22\images\bell2.ico</icon>
  <singleInstance>
    <mutexName>Tilt Notes</mutexName>
    <windowTitle>Tilt Notes</windowTitle>
  </singleInstance>
  <jre>
    <path></path>
    <minVersion>1.7.0_17</minVersion>
    <maxVersion></maxVersion>
    <jdkPreference>preferJre</jdkPreference>
  </jre>
  <versionInfo>
    <fileVersion>2.2.0.0</fileVersion>
    <txtFileVersion>2.2.0.0</txtFileVersion>
    <fileDescription>Tilt Notes intraoffice messaging program</fileDescription>
    <copyright>Donated to public domain by Tilt Technologies, Inc., 2013.</copyright>
    <productVersion>2.2.0.0</productVersion>
    <txtProductVersion>2.2.0.0</txtProductVersion>
    <productName>Tilt Notes</productName>
    <companyName>Tilt Technologies, Inc.</companyName>
    <internalName>Tilt Notes</internalName>
    <originalFilename>tiltnotes22.exe</originalFilename>
  </versionInfo>
</launch4jConfig>